model,family,macro_f1,delta_macro_f1,removed_feature_count
rf,dpi_metadata,0.11277976595703443,0.0,0
rf,none,0.11277976595703443,0.0,0
rf,protocol_application,0.05497666565708066,-0.057803100299953766,6
rf,rates,0.11277976595703443,0.0,0
rf,size_volume,0.09664696868995451,-0.016132797267079918,18
rf,tcp_flags,0.11213625999738866,-0.0006435059596457682,21
rf,timing,0.1142891714233739,0.0015094054663394724,15
