experiment,model,macro_f1,weighted_f1,accuracy
flow_only,rf,0.556863627155963,0.5571719879212091,0.4940983385417837
flow_plus_app,rf,0.5382197662503457,0.4941912024763415,0.453544816574346
flow_plus_app,gb,0.5313693611670809,0.459570924849738,0.4091840958820398
flow_plus_app,knn,0.5067822578857607,0.4757953466312061,0.4458076248299789
extended,rf,0.5937531462413116,0.5912459289750568,0.5348816295330381
