experiment,model,macro_f1,weighted_f1,accuracy,fit_seconds,predict_seconds
flow_only,rf,0.6732606833476824,0.6586510434144363,0.6542952256232636,209.76215720176697,5.504329442977905
flow_plus_app,knn,0.7162031318752377,0.6845756560040347,0.6767290440231559,15.352579116821287,695.1492431163788
flow_plus_app,dt,0.6820451836415855,0.658079076533678,0.653193728811485,38.19699907302856,0.6101372241973877
flow_plus_app,rf,0.675421748180185,0.6591609986746061,0.6551703036459544,216.5859429836273,5.456046581268311
flow_plus_app,gb,0.661551836813779,0.6479784553840955,0.6330546954361316,325.7851128578186,11.592669248580933
flow_plus_app,logreg,0.4024016643008706,0.495827131336705,0.4750021417993562,635.6049792766571,0.919766902923584
flow_plus_app,gnb,0.1907729917644689,0.2616522771053255,0.2151284467671068,19.54567003250122,15.46158242225647
flow_plus_app,cnn1d,0.0516012412340119,0.0389424129285289,0.0753790984860538,933.42782497406,10.207926750183104
extended,rf,0.6814946882069709,0.6613188986185441,0.6571774756140845,1233.6301379203796,3.8559763431549072
