model,accuracy,macro_f1,weighted_f1,train_rows,test_rows,dropped_unseen_test_rows,max_test_per_class,profile
rf,0.4940983385417837,0.556863627155963,0.5571719879212091,962447,355832,4540270,50000.0,flow_only
rf,0.453544816574346,0.5382197662503457,0.4941912024763415,962447,405832,0,,flow_plus_app
rf,0.5348816295330381,0.5937531462413116,0.5912459289750568,962447,355832,4540270,50000.0,extended
