experiment,model,macro_f1,weighted_f1,accuracy
tier3_device,gb,0.12902986441046,0.0603223312999882,0.0347188541816863
tier3_device,rf,0.1127797659570344,0.0466241435733046,0.0260107398620159
tier3_device,knn,0.0976179018689927,0.0627016994886136,0.0352999777163155
