experiment,model,macro_f1,weighted_f1,accuracy
tier2_ad,rf,0.5382197662503457,0.4941912024763415,0.453544816574346
tier2_ad,gb,0.5313693611670809,0.459570924849738,0.4091840958820398
tier2_ad,knn,0.5067822578857607,0.4757953466312061,0.4458076248299789
