experiment,model,macro_f1,weighted_f1,accuracy
tier3_category,rf,0.1412171869872497,0.1364252111005921,0.1885924201747872
tier3_category,knn,0.124359467077134,0.117982128260706,0.1623529159764665
tier3_category,gb,0.1119838498149858,0.1136518595504778,0.1532529845204775
