{
  "Amazon Echo": {
    "precision": 0.9028146574614976,
    "recall": 0.136,
    "f1-score": 0.2363901828547591,
    "support": 50000.0
  },
  "Belkin Wemo switch": {
    "precision": 0.2947976878612717,
    "recall": 0.03613604156825697,
    "f1-score": 0.06438039133179045,
    "support": 21170.0
  },
  "Belkin wemo motion sensor": {
    "precision": 0.5437158469945356,
    "recall": 0.00518769551616267,
    "f1-score": 0.010277333057893922,
    "support": 38360.0
  },
  "IPhone": {
    "precision": 0.007546074590044986,
    "recall": 0.006783640988846129,
    "f1-score": 0.007144574588671727,
    "support": 15331.0
  },
  "Light Bulbs LiFX Smart Bulb": {
    "precision": 0.3673469387755102,
    "recall": 0.0005385351842987075,
    "f1-score": 0.0010754936814746214,
    "support": 33424.0
  },
  "NEST Protect smoke alarm": {
    "precision": 0.94,
    "recall": 0.573170731707317,
    "f1-score": 0.712121212121212,
    "support": 82.0
  },
  "Smart Things": {
    "precision": 0.0024665257223396757,
    "recall": 0.00014,
    "f1-score": 0.00026496082364964606,
    "support": 50000.0
  },
  "TP-Link Smart plug": {
    "precision": 0.2857142857142857,
    "recall": 0.0002926829268292683,
    "f1-score": 0.0005847668242288387,
    "support": 20500.0
  },
  "micro avg": {
    "precision": 0.29177835714023426,
    "recall": 0.034718854181686305,
    "f1-score": 0.06205388520109332,
    "support": 228867.0
  },
  "macro avg": {
    "precision": 0.41805025213993563,
    "recall": 0.09478116598646386,
    "f1-score": 0.12902986441046005,
    "support": 228867.0
  },
  "weighted avg": {
    "precision": 0.3962562619785328,
    "recall": 0.03471885418168631,
    "f1-score": 0.06032233129998828,
    "support": 228867.0
  }
}