model,level,accuracy,macro_f1,weighted_f1,train_rows,test_rows,dropped_unseen_test_rows,max_test_per_class
gb,device,0.034718854181686305,0.12902986441046005,0.06032233129998828,962447,228867,3376034,50000
rf,device,0.026010739862015932,0.11277976595703443,0.04662414357330466,962447,228867,3376034,50000
knn,device,0.035299977716315586,0.09761790186899277,0.06270169948861366,962447,228867,3376034,50000
