model,accuracy,macro_f1,weighted_f1,train_rows,test_rows,fit_seconds,predict_seconds,total_seconds,split_mode
knn,0.7109304379448284,0.7037797427617446,0.7294246060230725,769957,192490,6.439671754837036,665.4707000255585,682.3216831684113,random_stratified
rf,0.7260844719206192,0.6857051357047226,0.7272472422404669,769957,192490,196.8852241039276,6.08127760887146,212.04109406471252,random_stratified
dt,0.7232427658579667,0.665893579891878,0.7247474522118237,769957,192490,32.0608594417572,0.5496060848236084,41.23423886299133,random_stratified
gb,0.7015117668450309,0.6470509039504955,0.7136401685969604,769957,192490,424.24290800094604,21.045922994613647,454.5178201198578,random_stratified
logreg,0.5222401163696816,0.3977594182973965,0.5491908434687519,769957,192490,383.8795449733734,0.656477689743042,393.28169560432434,random_stratified
gnb,0.20832251026027326,0.18110355545936238,0.2548616017814033,769957,192490,8.426442384719849,7.9259538650512695,25.20546841621399,random_stratified
cnn1d,0.11524235025196114,0.007127107200264227,0.0238189929434276,769957,192490,794.074168920517,15.295174360275269,829.4056506156921,random_stratified
