loss,accuracy,val_loss,val_accuracy
1.6279040575027466,0.4757223129272461,36.95893478393555,0.04739207401871681
1.2214409112930298,0.5938299298286438,19.398109436035156,0.11692815274000168
1.097041130065918,0.6267697811126709,80.89106750488281,0.09292690455913544
1.0296528339385986,0.6436783671379089,28.069976806640625,0.16037197411060333
0.9897809624671936,0.653166651725769,97.4483413696289,0.08640708774328232
0.9586658477783203,0.6606302261352539,123.4407730102539,0.09642059355974197
0.9396469593048096,0.6660432815551758,71.71891021728516,0.07064003497362137
