{
  "Amazon Echo": {
    "precision": 0.9933320632501429,
    "recall": 0.9421756414889773,
    "f1-score": 0.9670778076602058,
    "support": 16602.0
  },
  "Android Phone": {
    "precision": 0.3089005235602094,
    "recall": 0.7254098360655737,
    "f1-score": 0.4332925336597307,
    "support": 976.0
  },
  "Belkin Wemo switch": {
    "precision": 0.7750566251415628,
    "recall": 0.4436431407503444,
    "f1-score": 0.5642875547539293,
    "support": 12341.0
  },
  "Belkin wemo motion sensor": {
    "precision": 0.9977906655619995,
    "recall": 0.6811583273632216,
    "f1-score": 0.8096177116479183,
    "support": 26521.0
  },
  "Blipcare Blood Pressure meter": {
    "precision": 0.16666666666666666,
    "recall": 0.5,
    "f1-score": 0.25,
    "support": 2.0
  },
  "Dropcam": {
    "precision": 0.6312849162011173,
    "recall": 0.904,
    "f1-score": 0.743421052631579,
    "support": 125.0
  },
  "HP Printer": {
    "precision": 0.30631309326502937,
    "recall": 0.11746013404206147,
    "f1-score": 0.16980580496972228,
    "support": 17308.0
  },
  "IPhone": {
    "precision": 0.07884615384615384,
    "recall": 0.6307692307692307,
    "f1-score": 0.14017094017094017,
    "support": 65.0
  },
  "Insteon Camera": {
    "precision": 0.997341763057691,
    "recall": 0.9932741843159703,
    "f1-score": 0.9953038178885104,
    "support": 13976.0
  },
  "Laptop": {
    "precision": 0.9334063793523253,
    "recall": 0.7774285134861083,
    "f1-score": 0.8483071475990264,
    "support": 9862.0
  },
  "Light Bulbs LiFX Smart Bulb": {
    "precision": 0.6429073033707865,
    "recall": 0.5896940418679549,
    "f1-score": 0.6151520241894843,
    "support": 3105.0
  },
  "MacBook": {
    "precision": 0.9926997783861295,
    "recall": 0.9133981048338731,
    "f1-score": 0.951399300349825,
    "support": 16674.0
  },
  "MacBook/Iphone": {
    "precision": 0.07430997876857749,
    "recall": 0.7142857142857143,
    "f1-score": 0.1346153846153846,
    "support": 98.0
  },
  "NEST Protect smoke alarm": {
    "precision": 0.9722222222222222,
    "recall": 0.9459459459459459,
    "f1-score": 0.9589041095890412,
    "support": 37.0
  },
  "Nest Dropcam": {
    "precision": 0.07894736842105263,
    "recall": 0.6,
    "f1-score": 0.1395348837209302,
    "support": 15.0
  },
  "Netatmo Welcome": {
    "precision": 0.9938893981057134,
    "recall": 0.3516756756756757,
    "f1-score": 0.5195240757007107,
    "support": 9250.0
  },
  "Netatmo weather station": {
    "precision": 0.9307207837648706,
    "recall": 0.9984984984984985,
    "f1-score": 0.9634190510684535,
    "support": 1332.0
  },
  "PIX-STAR Photo-frame": {
    "precision": 0.9532908704883227,
    "recall": 0.6873325679295829,
    "f1-score": 0.7987547253724705,
    "support": 2613.0
  },
  "Samsung Galaxy Tab": {
    "precision": 0.923449859658076,
    "recall": 0.7982794750193007,
    "f1-score": 0.8563146997929607,
    "support": 9067.0
  },
  "Samsung SmartCam": {
    "precision": 0.9962918420525155,
    "recall": 0.540418592008698,
    "f1-score": 0.7007366157967082,
    "support": 18395.0
  },
  "Smart Things": {
    "precision": 0.43603224675779884,
    "recall": 0.8779110797459422,
    "f1-score": 0.5826697892271663,
    "support": 1417.0
  },
  "TP-Link Day Night Cloud camera": {
    "precision": 0.23548724071034174,
    "recall": 0.990894819466248,
    "f1-score": 0.3805389763067462,
    "support": 3185.0
  },
  "TP-Link Smart plug": {
    "precision": 0.9221428571428572,
    "recall": 0.9663173652694611,
    "f1-score": 0.9437134502923977,
    "support": 1336.0
  },
  "TPLink Router Bridge LAN (Gateway)": {
    "precision": 0.3675717017208413,
    "recall": 0.8666095658837849,
    "f1-score": 0.5161983271350509,
    "support": 22183.0
  },
  "Triby Speaker": {
    "precision": 0.9524048096192385,
    "recall": 0.9814145585957667,
    "f1-score": 0.966692092550216,
    "support": 1937.0
  },
  "Withings Aura smart sleep sensor": {
    "precision": 0.9658469945355191,
    "recall": 0.9081567116249197,
    "f1-score": 0.9361138695796094,
    "support": 1557.0
  },
  "Withings Smart Baby Monitor": {
    "precision": 0.9754028837998303,
    "recall": 0.9943795936013835,
    "f1-score": 0.9847998287304645,
    "support": 2313.0
  },
  "Withings Smart scale": {
    "precision": 0.11801242236024845,
    "recall": 0.7916666666666666,
    "f1-score": 0.20540540540540542,
    "support": 24.0
  },
  "iHome": {
    "precision": 0.6613756613756614,
    "recall": 0.7183908045977011,
    "f1-score": 0.6887052341597796,
    "support": 174.0
  },
  "accuracy": 0.7015117668450309,
  "macro avg": {
    "precision": 0.6683429335573621,
    "recall": 0.7569168548206415,
    "f1-score": 0.6470509039504955,
    "support": 192490.0
  },
  "weighted avg": {
    "precision": 0.810657495945424,
    "recall": 0.7015117668450309,
    "f1-score": 0.7136401685969604,
    "support": 192490.0
  }
}