model,accuracy,macro_f1,weighted_f1,train_rows,test_rows,fit_seconds,predict_seconds,total_seconds,split_mode
knn,0.6767290440231559,0.7162031318752377,0.6845756560040347,799033,163414,15.352579116821289,695.1492431163788,719.9195101261139,day_holdout
dt,0.653193728811485,0.6820451836415855,0.658079076533678,799033,163414,38.196999073028564,0.6101372241973877,48.38750433921814,day_holdout
rf,0.6551703036459544,0.675421748180185,0.6591609986746061,799033,163414,216.58594298362732,5.4560465812683105,231.5603380203247,day_holdout
gb,0.6330546954361316,0.661551836813779,0.6479784553840955,799033,163414,325.7851128578186,11.592669248580933,346.94652366638184,day_holdout
logreg,0.47500214179935624,0.40240166430087065,0.495827131336705,799033,163414,635.6049792766571,0.919766902923584,647.2633147239685,day_holdout
gnb,0.21512844676710685,0.19077299176446896,0.26165227710532557,799033,163414,19.54567003250122,15.46158242225647,46.44692349433899,day_holdout
cnn1d,0.07537909848605383,0.05160124123401195,0.03894241292852893,799033,163414,933.4278249740601,10.207926750183105,961.9980463981628,day_holdout
