loss,accuracy,val_loss,val_accuracy
1.5940442085266113,0.4882517457008362,6.844581604003906,0.19162996113300323
1.1864975690841675,0.603584349155426,64.48310852050781,0.0007258710684254766
1.0561240911483765,0.6397669911384583,5.9353227615356445,0.12775330245494843
0.9888929128646851,0.6562369465827942,18.33751106262207,0.267070472240448
0.9472385048866272,0.6664687395095825,100.10855865478516,0.0
0.9188403487205505,0.6732853055000305,28.59613037109375,0.19940178096294403
0.8981027007102966,0.6790061593055725,42.74064636230469,0.13180817663669586
0.8855699896812439,0.6824686527252197,24.96633529663086,0.01683269999921322
