{
  "Amazon Echo": {
    "precision": 0.5468854655056933,
    "recall": 0.09261569872958257,
    "f1-score": 0.15840527694247744,
    "support": 17632.0
  },
  "Android Phone": {
    "precision": 0.18080357142857142,
    "recall": 0.1774370208105148,
    "f1-score": 0.17910447761194032,
    "support": 913.0
  },
  "Belkin Wemo switch": {
    "precision": 0.125,
    "recall": 0.0022635998539613,
    "f1-score": 0.004446675751273041,
    "support": 13695.0
  },
  "Belkin wemo motion sensor": {
    "precision": 0.9969865398781222,
    "recall": 0.5226610496752677,
    "f1-score": 0.6857985167442076,
    "support": 28485.0
  },
  "Blipcare Blood Pressure meter": {
    "precision": 0.002288329519450801,
    "recall": 0.3333333333333333,
    "f1-score": 0.004545454545454545,
    "support": 3.0
  },
  "Dropcam": {
    "precision": 0.9893617021276596,
    "recall": 0.6992481203007519,
    "f1-score": 0.8193832599118942,
    "support": 133.0
  },
  "HP Printer": {
    "precision": 0.26106848401086596,
    "recall": 0.3127604910077077,
    "f1-score": 0.28458621227076736,
    "support": 17515.0
  },
  "IPhone": {
    "precision": 0.04401408450704225,
    "recall": 0.3968253968253968,
    "f1-score": 0.07923930269413629,
    "support": 126.0
  },
  "Insteon Camera": {
    "precision": 0.5018642803877703,
    "recall": 0.07263112454133391,
    "f1-score": 0.12689733195059866,
    "support": 9266.0
  },
  "Laptop": {
    "precision": 0.9629629629629629,
    "recall": 0.06235011990407674,
    "f1-score": 0.11711711711711713,
    "support": 3336.0
  },
  "Light Bulbs LiFX Smart Bulb": {
    "precision": 0.08138856476079347,
    "recall": 0.12839392544868844,
    "f1-score": 0.09962506695232994,
    "support": 2173.0
  },
  "NEST Protect smoke alarm": {
    "precision": 0.0005725793713473384,
    "recall": 0.8529411764705882,
    "f1-score": 0.0011443905133972612,
    "support": 34.0
  },
  "Netatmo Welcome": {
    "precision": 0.35005873468702803,
    "recall": 0.24449132676980778,
    "f1-score": 0.28790283624318547,
    "support": 8532.0
  },
  "Netatmo weather station": {
    "precision": 0.11159287996348699,
    "recall": 0.35357917570498915,
    "f1-score": 0.1696444058976583,
    "support": 1383.0
  },
  "PIX-STAR Photo-frame": {
    "precision": 0.7105751391465677,
    "recall": 0.11920323685029567,
    "f1-score": 0.20415778251599145,
    "support": 3213.0
  },
  "Samsung Galaxy Tab": {
    "precision": 0.9613874345549738,
    "recall": 0.1616239410276158,
    "f1-score": 0.2767260054629368,
    "support": 9089.0
  },
  "Samsung SmartCam": {
    "precision": 0.43206197854588796,
    "recall": 0.27754737446564154,
    "f1-score": 0.3379822073734509,
    "support": 15673.0
  },
  "Smart Things": {
    "precision": 1.0,
    "recall": 0.11117681845062094,
    "f1-score": 0.20010643959552954,
    "support": 1691.0
  },
  "TP-Link Day Night Cloud camera": {
    "precision": 0.19483638546982887,
    "recall": 0.2621163166397415,
    "f1-score": 0.22352333390735316,
    "support": 2476.0
  },
  "TP-Link Smart plug": {
    "precision": 0.037097380624138365,
    "recall": 0.9507494646680942,
    "f1-score": 0.07140846769329741,
    "support": 934.0
  },
  "TPLink Router Bridge LAN (Gateway)": {
    "precision": 0.4733044733044733,
    "recall": 0.014491473005213395,
    "f1-score": 0.0281219188065332,
    "support": 22634.0
  },
  "Triby Speaker": {
    "precision": 0.24074074074074073,
    "recall": 0.04690721649484536,
    "f1-score": 0.07851596203623813,
    "support": 1940.0
  },
  "Withings Aura smart sleep sensor": {
    "precision": 0.6833333333333333,
    "recall": 0.07275953859804792,
    "f1-score": 0.13151563753007217,
    "support": 1127.0
  },
  "Withings Smart Baby Monitor": {
    "precision": 0.12078817733990148,
    "recall": 0.44100719424460433,
    "f1-score": 0.18963650425367365,
    "support": 1390.0
  },
  "Withings Smart scale": {
    "precision": 0.004931313842902431,
    "recall": 0.6666666666666666,
    "f1-score": 0.00979020979020979,
    "support": 21.0
  },
  "micro avg": {
    "precision": 0.22480064968698643,
    "recall": 0.21512844676710685,
    "f1-score": 0.21985822255993645,
    "support": 163414.0
  },
  "macro avg": {
    "precision": 0.4005561814405417,
    "recall": 0.29503123201949555,
    "f1-score": 0.19077299176446896,
    "support": 163414.0
  },
  "weighted avg": {
    "precision": 0.538068969661006,
    "recall": 0.21512844676710685,
    "f1-score": 0.26165227710532557,
    "support": 163414.0
  }
}