{
  "Amazon Echo": {
    "precision": 0.9875439156818908,
    "recall": 0.8768148820326679,
    "f1-score": 0.9288911587106078,
    "support": 17632.0
  },
  "Android Phone": {
    "precision": 0.47598627787307035,
    "recall": 0.6078860898138007,
    "f1-score": 0.5339105339105339,
    "support": 913.0
  },
  "Belkin Wemo switch": {
    "precision": 0.7713292324150842,
    "recall": 0.4211756115370573,
    "f1-score": 0.5448448495725687,
    "support": 13695.0
  },
  "Belkin wemo motion sensor": {
    "precision": 0.9677435289468485,
    "recall": 0.6877654906090925,
    "f1-score": 0.80407970612982,
    "support": 28485.0
  },
  "Blipcare Blood Pressure meter": {
    "precision": 1.0,
    "recall": 0.3333333333333333,
    "f1-score": 0.5,
    "support": 3.0
  },
  "Dropcam": {
    "precision": 0.6666666666666666,
    "recall": 0.8571428571428571,
    "f1-score": 0.75,
    "support": 133.0
  },
  "HP Printer": {
    "precision": 0.7545959811885421,
    "recall": 0.10077076791321725,
    "f1-score": 0.17779792485141532,
    "support": 17515.0
  },
  "IPhone": {
    "precision": 0.2537313432835821,
    "recall": 0.40476190476190477,
    "f1-score": 0.3119266055045872,
    "support": 126.0
  },
  "Insteon Camera": {
    "precision": 0.9990295449644166,
    "recall": 0.9998920785668034,
    "f1-score": 0.9994606256742178,
    "support": 9266.0
  },
  "Laptop": {
    "precision": 0.8375394321766562,
    "recall": 0.795863309352518,
    "f1-score": 0.8161696895173686,
    "support": 3336.0
  },
  "Light Bulbs LiFX Smart Bulb": {
    "precision": 0.45003594536304814,
    "recall": 0.5761619880349746,
    "f1-score": 0.5053481331987891,
    "support": 2173.0
  },
  "MacBook": {
    "precision": 0.0,
    "recall": 0.0,
    "f1-score": 0.0,
    "support": 0.0
  },
  "MacBook/Iphone": {
    "precision": 0.0,
    "recall": 0.0,
    "f1-score": 0.0,
    "support": 0.0
  },
  "NEST Protect smoke alarm": {
    "precision": 0.9696969696969697,
    "recall": 0.9411764705882353,
    "f1-score": 0.955223880597015,
    "support": 34.0
  },
  "Nest Dropcam": {
    "precision": 0.0,
    "recall": 0.0,
    "f1-score": 0.0,
    "support": 0.0
  },
  "Netatmo Welcome": {
    "precision": 0.8703541117939714,
    "recall": 0.3485700890764182,
    "f1-score": 0.49778224119173153,
    "support": 8532.0
  },
  "Netatmo weather station": {
    "precision": 0.9971139971139971,
    "recall": 0.9992769342010123,
    "f1-score": 0.9981942939689418,
    "support": 1383.0
  },
  "PIX-STAR Photo-frame": {
    "precision": 0.9274826789838337,
    "recall": 0.6249610955493309,
    "f1-score": 0.7467460022313128,
    "support": 3213.0
  },
  "Samsung Galaxy Tab": {
    "precision": 0.9471011925847207,
    "recall": 0.8824953240180438,
    "f1-score": 0.9136575919808633,
    "support": 9089.0
  },
  "Samsung SmartCam": {
    "precision": 0.9498980483542091,
    "recall": 0.41612964971607225,
    "f1-score": 0.5787302009849594,
    "support": 15673.0
  },
  "Smart Things": {
    "precision": 0.458476846536548,
    "recall": 0.7084565345949142,
    "f1-score": 0.5566914498141264,
    "support": 1691.0
  },
  "TP-Link Day Night Cloud camera": {
    "precision": 0.17216406137960705,
    "recall": 0.9697092084006462,
    "f1-score": 0.2924126172208014,
    "support": 2476.0
  },
  "TP-Link Smart plug": {
    "precision": 0.930672268907563,
    "recall": 0.9486081370449678,
    "f1-score": 0.9395546129374337,
    "support": 934.0
  },
  "TPLink Router Bridge LAN (Gateway)": {
    "precision": 0.37992606417342617,
    "recall": 0.9353627286383317,
    "f1-score": 0.5403660124046045,
    "support": 22634.0
  },
  "Triby Speaker": {
    "precision": 0.9115384615384615,
    "recall": 0.977319587628866,
    "f1-score": 0.9432835820895522,
    "support": 1940.0
  },
  "Withings Aura smart sleep sensor": {
    "precision": 0.9961315280464217,
    "recall": 0.9139307897071872,
    "f1-score": 0.9532623785284591,
    "support": 1127.0
  },
  "Withings Smart Baby Monitor": {
    "precision": 1.0,
    "recall": 0.9906474820143885,
    "f1-score": 0.9953017708709794,
    "support": 1390.0
  },
  "Withings Smart scale": {
    "precision": 0.1504424778761062,
    "recall": 0.8095238095238095,
    "f1-score": 0.2537313432835821,
    "support": 21.0
  },
  "iHome": {
    "precision": 0.0,
    "recall": 0.0,
    "f1-score": 0.0,
    "support": 0.0
  },
  "accuracy": 0.6571774756140845,
  "macro avg": {
    "precision": 0.6491448474326083,
    "recall": 0.6250943501310501,
    "f1-score": 0.5874954208680784,
    "support": 163414.0
  },
  "weighted avg": {
    "precision": 0.8115208511655435,
    "recall": 0.6571774756140845,
    "f1-score": 0.6613188986185441,
    "support": 163414.0
  }
}