{
  "Amazon Echo": {
    "precision": 0.6338777162909974,
    "recall": 0.46964,
    "f1-score": 0.5395370210810501,
    "support": 50000.0
  },
  "Belkin Wemo switch": {
    "precision": 0.17444087148173573,
    "recall": 0.16858130521317086,
    "f1-score": 0.17146104126713543,
    "support": 28639.0
  },
  "Belkin wemo motion sensor": {
    "precision": 0.792962356792144,
    "recall": 0.2907,
    "f1-score": 0.4254353870920533,
    "support": 50000.0
  },
  "Dropcam": {
    "precision": 0.8316100443131462,
    "recall": 0.5858480749219563,
    "f1-score": 0.6874236874236874,
    "support": 2883.0
  },
  "HP Printer": {
    "precision": 0.9501706484641638,
    "recall": 0.24403927068723702,
    "f1-score": 0.38833868042962755,
    "support": 11408.0
  },
  "Light Bulbs LiFX Smart Bulb": {
    "precision": 0.21156440890022815,
    "recall": 0.4807134894091416,
    "f1-score": 0.29381803314992416,
    "support": 17940.0
  },
  "MacBook": {
    "precision": 0.003174247516618119,
    "recall": 0.22727272727272727,
    "f1-score": 0.006261048909840895,
    "support": 374.0
  },
  "NEST Protect smoke alarm": {
    "precision": 0.9070796460176991,
    "recall": 0.8134920634920635,
    "f1-score": 0.8577405857740585,
    "support": 252.0
  },
  "Netatmo Welcome": {
    "precision": 0.9395790902919212,
    "recall": 0.7886039886039886,
    "f1-score": 0.8574969021065675,
    "support": 14040.0
  },
  "Netatmo weather station": {
    "precision": 0.9872505543237251,
    "recall": 0.7032576505429418,
    "f1-score": 0.8213997463392136,
    "support": 5065.0
  },
  "PIX-STAR Photo-frame": {
    "precision": 0.823982780169421,
    "recall": 0.9108842493091802,
    "f1-score": 0.8652570178636529,
    "support": 13028.0
  },
  "Samsung Galaxy Tab": {
    "precision": 0.7503568758072191,
    "recall": 0.44154,
    "f1-score": 0.555941678628088,
    "support": 50000.0
  },
  "Samsung SmartCam": {
    "precision": 0.8961163326830999,
    "recall": 0.83787099983419,
    "f1-score": 0.8660154241645245,
    "support": 30155.0
  },
  "Smart Things": {
    "precision": 0.44043965038440175,
    "recall": 0.44140739438682836,
    "f1-score": 0.44092299138170693,
    "support": 34134.0
  },
  "TP-Link Day Night Cloud camera": {
    "precision": 0.6991108476585655,
    "recall": 0.41837531039375664,
    "f1-score": 0.523479804704838,
    "support": 14095.0
  },
  "TP-Link Smart plug": {
    "precision": 0.9769691386457854,
    "recall": 0.7955142149876229,
    "f1-score": 0.8769536095261722,
    "support": 13331.0
  },
  "TPLink Router Bridge LAN (Gateway)": {
    "precision": 0.10716723549488055,
    "recall": 0.00628,
    "f1-score": 0.011864726997921784,
    "support": 50000.0
  },
  "Triby Speaker": {
    "precision": 0.5728072665342038,
    "recall": 0.11388904565720413,
    "f1-score": 0.1900009415309293,
    "support": 17719.0
  },
  "iHome": {
    "precision": 0.6842969776609724,
    "recall": 0.7522571325388226,
    "f1-score": 0.7166695338035438,
    "support": 2769.0
  },
  "micro avg": {
    "precision": 0.5423483034877379,
    "recall": 0.40918409588203986,
    "f1-score": 0.4664482268029364,
    "support": 405832.0
  },
  "macro avg": {
    "precision": 0.6517345626016278,
    "recall": 0.49948246932899115,
    "f1-score": 0.5313693611670809,
    "support": 405832.0
  },
  "weighted avg": {
    "precision": 0.5972471048208913,
    "recall": 0.40918409588203986,
    "f1-score": 0.459570924849738,
    "support": 405832.0
  }
}