model,accuracy,macro_f1,weighted_f1,train_rows,test_rows,dropped_unseen_test_rows,max_test_per_class
rf,0.45354481657434603,0.5382197662503457,0.4941912024763415,962447,405832,0,
gb,0.40918409588203986,0.5313693611670809,0.459570924849738,962447,405832,0,
knn,0.44580762482997893,0.5067822578857607,0.4757953466312061,962447,405832,0,
