model,family,macro_f1,delta_macro_f1,removed_feature_count
rf,dpi_metadata,0.7401369982495309,0.0,0
rf,none,0.7401369982495309,0.0,0
rf,protocol_application,0.72809121426502,-0.01204578398451095,6
rf,rates,0.7401369982495309,0.0,0
rf,size_volume,0.5673677762536216,-0.17276922199590938,18
rf,tcp_flags,0.7398256925723672,-0.00031130567716375346,21
rf,timing,0.6651196852397675,-0.07501731300976344,15
