model,family,macro_f1,delta_macro_f1,removed_feature_count
rf,dpi_metadata,0.5382197662503457,0.0,0
rf,none,0.5382197662503457,0.0,0
rf,protocol_application,0.5112092241395318,-0.027010542110813884,6
rf,rates,0.5382197662503457,0.0,0
rf,size_volume,0.4367680644266875,-0.10145170182365826,18
rf,tcp_flags,0.5498124404468543,0.011592674196508557,21
rf,timing,0.5117938763588574,-0.026425889891488308,15
