{
  "camera": {
    "precision": 0.15019623748911448,
    "recall": 0.50362,
    "f1-score": 0.23138559364863498,
    "support": 50000.0
  },
  "hub": {
    "precision": 0.0898157625383828,
    "recall": 0.02106,
    "f1-score": 0.03411962931760741,
    "support": 50000.0
  },
  "light": {
    "precision": 0.3995859213250518,
    "recall": 0.02316,
    "f1-score": 0.04378237362471171,
    "support": 50000.0
  },
  "plug": {
    "precision": 0.06266532883334854,
    "recall": 0.01648668106551476,
    "f1-score": 0.02610529515703076,
    "support": 41670.0
  },
  "sensor": {
    "precision": 0.12208386386688823,
    "recall": 0.14715675563186098,
    "f1-score": 0.133452859788391,
    "support": 38442.0
  },
  "speaker": {
    "precision": 0.22676139727649497,
    "recall": 0.18384,
    "f1-score": 0.20305734735353892,
    "support": 50000.0
  },
  "accuracy": 0.15325298452047753,
  "macro avg": {
    "precision": 0.17518475188821347,
    "recall": 0.14922057278289594,
    "f1-score": 0.11198384981498581,
    "support": 280112.0
  },
  "weighted avg": {
    "precision": 0.18072191865649723,
    "recall": 0.15325298452047753,
    "f1-score": 0.11365185955047784,
    "support": 280112.0
  }
}