{
  "camera": {
    "precision": 0.17129452476417056,
    "recall": 0.20592,
    "f1-score": 0.1870180824107459,
    "support": 50000.0
  },
  "hub": {
    "precision": 0.14886164623467601,
    "recall": 0.0085,
    "f1-score": 0.01608173304323148,
    "support": 50000.0
  },
  "light": {
    "precision": 0.06235349273323957,
    "recall": 0.00266,
    "f1-score": 0.005102334413902902,
    "support": 50000.0
  },
  "plug": {
    "precision": 0.1930933303238912,
    "recall": 0.04106071514278858,
    "f1-score": 0.06772080505036511,
    "support": 41670.0
  },
  "sensor": {
    "precision": 0.22929116068907088,
    "recall": 0.5280162322459809,
    "f1-score": 0.31973662447722634,
    "support": 38442.0
  },
  "speaker": {
    "precision": 0.10723363739150395,
    "recall": 0.25228,
    "f1-score": 0.15049722306733243,
    "support": 50000.0
  },
  "accuracy": 0.16235291597646656,
  "macro avg": {
    "precision": 0.15202129868942535,
    "recall": 0.17307282456479492,
    "f1-score": 0.12435946707713404,
    "support": 280112.0
  },
  "weighted avg": {
    "precision": 0.1476115801179004,
    "recall": 0.16235291597646656,
    "f1-score": 0.11798212826070603,
    "support": 280112.0
  }
}