{
  "camera": {
    "precision": 0.2032206119162641,
    "recall": 0.45432,
    "f1-score": 0.2808258128322413,
    "support": 50000.0
  },
  "hub": {
    "precision": 0.17029106724657075,
    "recall": 0.01018,
    "f1-score": 0.01921153446941818,
    "support": 50000.0
  },
  "light": {
    "precision": 0.14562289562289563,
    "recall": 0.00346,
    "f1-score": 0.0067593967336094405,
    "support": 50000.0
  },
  "plug": {
    "precision": 0.1552642359688652,
    "recall": 0.02728581713462923,
    "f1-score": 0.046414793950156144,
    "support": 41670.0
  },
  "sensor": {
    "precision": 0.2694856636625381,
    "recall": 0.41147703033140837,
    "f1-score": 0.3256776372003006,
    "support": 38442.0
  },
  "speaker": {
    "precision": 0.12711061293116624,
    "recall": 0.24948,
    "f1-score": 0.168413946737773,
    "support": 50000.0
  },
  "accuracy": 0.18859242017478722,
  "macro avg": {
    "precision": 0.17849918122471667,
    "recall": 0.19270047457767292,
    "f1-score": 0.14121718698724975,
    "support": 280112.0
  },
  "weighted avg": {
    "precision": 0.17543585416255905,
    "recall": 0.18859242017478722,
    "f1-score": 0.1364252111005921,
    "support": 280112.0
  }
}