model,level,accuracy,macro_f1,weighted_f1,train_rows,test_rows,dropped_unseen_test_rows,max_test_per_class
rf,category,0.18859242017478722,0.14121718698724975,0.1364252111005921,568093,280112,994839,50000
knn,category,0.16235291597646656,0.12435946707713404,0.11798212826070603,568093,280112,994839,50000
gb,category,0.15325298452047753,0.11198384981498581,0.11365185955047784,568093,280112,994839,50000
